class_id,dir
0,1_2_test.png
0,1_6_test.png
0,1_4_test.png
1,2_4_test.png
1,2_2_test.png
1,2_6_test.png
2,3_6_test.png
2,3_4_test.png
2,3_2_test.png
3,4_2_test.png
3,4_6_test.png
3,4_4_test.png
4,5_6_test.png
4,5_4_test.png
4,5_2_test.png
5,6_2_test.png
5,6_6_test.png
5,6_4_test.png
6,7_6_test.png
6,7_2_test.png
6,7_4_test.png
7,8_4_test.png
7,8_2_test.png
7,8_6_test.png
8,9_4_test.png
8,9_2_test.png
8,9_6_test.png
9,10_6_test.png
9,10_2_test.png
9,10_4_test.png
10,11_2_test.png
10,11_6_test.png
10,11_4_test.png
11,12_4_test.png
11,12_6_test.png
11,12_2_test.png
12,13_4_test.png
12,13_6_test.png
12,13_2_test.png
13,14_4_test.png
13,14_2_test.png
13,14_6_test.png
14,15_6_test.png
14,15_4_test.png
14,15_2_test.png
15,16_2_test.png
15,16_6_test.png
15,16_4_test.png
16,17_2_test.png
16,17_4_test.png
16,17_6_test.png
17,18_2_test.png
17,18_6_test.png
17,18_4_test.png
18,19_4_test.png
18,19_6_test.png
18,19_2_test.png
19,20_6_test.png
19,20_2_test.png
19,20_4_test.png
20,21_6_test.png
20,21_4_test.png
20,21_2_test.png
21,22_4_test.png
21,22_2_test.png
21,22_6_test.png
22,23_4_test.png
22,23_2_test.png
22,23_6_test.png
23,24_4_test.png
23,24_2_test.png
23,24_6_test.png
24,25_4_test.png
24,25_2_test.png
24,25_6_test.png
25,26_2_test.png
25,26_6_test.png
25,26_4_test.png
26,27_4_test.png
26,27_2_test.png
26,27_6_test.png
27,28_2_test.png
27,28_4_test.png
27,28_6_test.png
28,29_4_test.png
28,29_2_test.png
28,29_6_test.png
29,30_4_test.png
29,30_2_test.png
29,30_6_test.png
30,31_2_test.png
30,31_4_test.png
30,31_6_test.png
31,32_4_test.png
31,32_6_test.png
31,32_2_test.png
32,33_2_test.png
32,33_6_test.png
32,33_4_test.png
33,34_2_test.png
33,34_6_test.png
33,34_4_test.png
34,35_4_test.png
34,35_2_test.png
34,35_6_test.png
35,36_2_test.png
35,36_4_test.png
35,36_6_test.png
36,37_6_test.png
36,37_2_test.png
36,37_4_test.png
37,38_6_test.png
37,38_2_test.png
37,38_4_test.png
38,39_6_test.png
38,39_2_test.png
38,39_4_test.png
39,40_4_test.png
39,40_6_test.png
39,40_2_test.png
40,41_6_test.png
40,41_2_test.png
40,41_4_test.png
41,42_4_test.png
41,42_6_test.png
41,42_2_test.png
42,43_6_test.png
42,43_2_test.png
42,43_4_test.png
43,44_4_test.png
43,44_6_test.png
43,44_2_test.png
44,45_2_test.png
44,45_4_test.png
44,45_6_test.png
45,46_6_test.png
45,46_4_test.png
45,46_2_test.png
46,47_2_test.png
46,47_4_test.png
46,47_6_test.png
47,48_6_test.png
47,48_4_test.png
47,48_2_test.png
48,49_6_test.png
48,49_4_test.png
48,49_2_test.png
49,50_2_test.png
49,50_4_test.png
49,50_6_test.png
50,51_2_test.png
50,51_6_test.png
50,51_4_test.png
51,52_6_test.png
51,52_2_test.png
51,52_4_test.png
52,53_2_test.png
52,53_6_test.png
52,53_4_test.png
53,54_2_test.png
53,54_6_test.png
53,54_4_test.png
54,55_6_test.png
54,55_4_test.png
54,55_2_test.png
55,56_6_test.png
55,56_2_test.png
55,56_4_test.png
56,57_6_test.png
56,57_4_test.png
56,57_2_test.png
57,58_2_test.png
57,58_6_test.png
57,58_4_test.png
58,59_2_test.png
58,59_4_test.png
58,59_6_test.png
59,60_2_test.png
59,60_4_test.png
59,60_6_test.png
60,61_2_test.png
60,61_4_test.png
60,61_6_test.png
61,62_2_test.png
61,62_6_test.png
61,62_4_test.png
62,63_2_test.png
62,63_4_test.png
62,63_6_test.png
63,64_6_test.png
63,64_4_test.png
63,64_2_test.png
64,65_6_test.png
64,65_2_test.png
64,65_4_test.png
65,66_6_test.png
65,66_2_test.png
65,66_4_test.png
66,67_4_test.png
66,67_2_test.png
66,67_6_test.png
67,68_4_test.png
67,68_6_test.png
67,68_2_test.png
68,69_2_test.png
68,69_4_test.png
68,69_6_test.png
69,70_2_test.png
69,70_6_test.png
69,70_4_test.png
70,71_2_test.png
70,71_4_test.png
70,71_6_test.png
71,72_6_test.png
71,72_2_test.png
71,72_4_test.png
72,73_4_test.png
72,73_6_test.png
72,73_2_test.png
73,74_2_test.png
73,74_4_test.png
73,74_6_test.png
74,75_6_test.png
74,75_4_test.png
74,75_2_test.png
75,76_6_test.png
75,76_4_test.png
75,76_2_test.png
76,77_4_test.png
76,77_2_test.png
76,77_6_test.png
77,78_6_test.png
77,78_2_test.png
77,78_4_test.png
78,79_4_test.png
78,79_6_test.png
78,79_2_test.png
79,80_4_test.png
79,80_6_test.png
79,80_2_test.png
80,81_6_test.png
80,81_4_test.png
80,81_2_test.png
81,82_6_test.png
81,82_2_test.png
81,82_4_test.png
82,83_2_test.png
82,83_4_test.png
82,83_6_test.png
83,84_6_test.png
83,84_2_test.png
83,84_4_test.png
84,85_6_test.png
84,85_2_test.png
84,85_4_test.png
85,86_2_test.png
85,86_6_test.png
85,86_4_test.png
86,87_6_test.png
86,87_2_test.png
86,87_4_test.png
87,88_4_test.png
87,88_6_test.png
87,88_2_test.png
88,89_4_test.png
88,89_2_test.png
88,89_6_test.png
89,90_2_test.png
89,90_4_test.png
89,90_6_test.png
90,91_6_test.png
90,91_2_test.png
90,91_4_test.png
91,92_2_test.png
91,92_6_test.png
91,92_4_test.png
92,93_6_test.png
92,93_4_test.png
92,93_2_test.png
93,94_4_test.png
93,94_2_test.png
93,94_6_test.png
94,95_6_test.png
94,95_2_test.png
94,95_4_test.png
95,96_4_test.png
95,96_2_test.png
95,96_6_test.png
96,97_2_test.png
96,97_6_test.png
96,97_4_test.png
97,98_4_test.png
97,98_2_test.png
97,98_6_test.png
98,99_4_test.png
98,99_6_test.png
98,99_2_test.png
99,100_4_test.png
99,100_6_test.png
99,100_2_test.png
100,101_6_test.png
100,101_4_test.png
100,101_2_test.png
101,102_6_test.png
101,102_4_test.png
101,102_2_test.png
102,103_4_test.png
102,103_2_test.png
102,103_6_test.png
103,104_2_test.png
103,104_6_test.png
103,104_4_test.png
104,105_6_test.png
104,105_2_test.png
104,105_4_test.png
105,106_4_test.png
105,106_2_test.png
105,106_6_test.png
106,107_6_test.png
106,107_4_test.png
106,107_2_test.png
107,108_6_test.png
107,108_4_test.png
107,108_2_test.png
108,109_2_test.png
108,109_6_test.png
108,109_4_test.png
109,110_6_test.png
109,110_4_test.png
109,110_2_test.png
110,111_2_test.png
110,111_6_test.png
110,111_4_test.png
111,112_4_test.png
111,112_2_test.png
111,112_6_test.png
112,113_4_test.png
112,113_2_test.png
112,113_6_test.png
113,114_6_test.png
113,114_2_test.png
113,114_4_test.png
114,115_2_test.png
114,115_4_test.png
114,115_6_test.png
115,116_2_test.png
115,116_6_test.png
115,116_4_test.png
116,117_2_test.png
116,117_4_test.png
116,117_6_test.png
117,118_4_test.png
117,118_2_test.png
117,118_6_test.png
118,119_4_test.png
118,119_6_test.png
118,119_2_test.png
119,120_6_test.png
119,120_4_test.png
119,120_2_test.png
120,121_6_test.png
120,121_2_test.png
120,121_4_test.png
121,122_2_test.png
121,122_6_test.png
121,122_4_test.png
122,123_2_test.png
122,123_4_test.png
122,123_6_test.png
123,124_6_test.png
123,124_2_test.png
123,124_4_test.png
124,125_4_test.png
124,125_6_test.png
124,125_2_test.png
125,126_2_test.png
125,126_4_test.png
125,126_6_test.png
126,127_6_test.png
126,127_4_test.png
126,127_2_test.png
127,128_6_test.png
127,128_2_test.png
127,128_4_test.png
128,129_2_test.png
128,129_6_test.png
128,129_4_test.png
129,130_4_test.png
129,130_2_test.png
129,130_6_test.png
130,131_6_test.png
130,131_2_test.png
130,131_4_test.png
131,132_6_test.png
131,132_4_test.png
131,132_2_test.png
132,133_6_test.png
132,133_2_test.png
132,133_4_test.png
133,134_4_test.png
133,134_2_test.png
133,134_6_test.png
134,135_2_test.png
134,135_6_test.png
134,135_4_test.png
135,136_4_test.png
135,136_2_test.png
135,136_6_test.png
136,137_4_test.png
136,137_6_test.png
136,137_2_test.png
137,138_4_test.png
137,138_2_test.png
137,138_6_test.png
138,139_4_test.png
138,139_6_test.png
138,139_2_test.png
139,140_2_test.png
139,140_4_test.png
139,140_6_test.png
140,141_2_test.png
140,141_4_test.png
140,141_6_test.png
141,142_2_test.png
141,142_4_test.png
141,142_6_test.png
142,143_6_test.png
142,143_2_test.png
142,143_4_test.png
143,144_6_test.png
143,144_2_test.png
143,144_4_test.png
144,145_4_test.png
144,145_2_test.png
144,145_6_test.png
145,146_6_test.png
145,146_2_test.png
145,146_4_test.png
146,147_6_test.png
146,147_2_test.png
146,147_4_test.png
147,148_6_test.png
147,148_4_test.png
147,148_2_test.png
148,149_4_test.png
148,149_2_test.png
148,149_6_test.png
149,150_2_test.png
149,150_6_test.png
149,150_4_test.png
150,151_4_test.png
150,151_6_test.png
150,151_2_test.png
151,152_6_test.png
151,152_2_test.png
151,152_4_test.png
152,153_6_test.png
152,153_2_test.png
152,153_4_test.png
153,154_6_test.png
153,154_4_test.png
153,154_2_test.png
154,155_4_test.png
154,155_6_test.png
154,155_2_test.png
155,156_4_test.png
155,156_6_test.png
155,156_2_test.png
156,157_6_test.png
156,157_4_test.png
156,157_2_test.png
157,158_6_test.png
157,158_4_test.png
157,158_2_test.png
158,159_2_test.png
158,159_6_test.png
158,159_4_test.png
159,160_6_test.png
159,160_2_test.png
159,160_4_test.png
160,161_4_test.png
160,161_6_test.png
160,161_2_test.png
161,162_2_test.png
161,162_6_test.png
161,162_4_test.png
162,163_4_test.png
162,163_6_test.png
162,163_2_test.png
163,164_4_test.png
163,164_2_test.png
163,164_6_test.png
164,165_6_test.png
164,165_4_test.png
164,165_2_test.png
165,166_4_test.png
165,166_2_test.png
165,166_6_test.png
166,167_2_test.png
166,167_6_test.png
166,167_4_test.png
167,168_4_test.png
167,168_2_test.png
167,168_6_test.png
168,169_6_test.png
168,169_2_test.png
168,169_4_test.png
169,170_4_test.png
169,170_6_test.png
169,170_2_test.png
170,171_4_test.png
170,171_6_test.png
170,171_2_test.png
171,172_4_test.png
171,172_2_test.png
171,172_6_test.png
172,173_2_test.png
172,173_4_test.png
172,173_6_test.png
173,174_6_test.png
173,174_2_test.png
173,174_4_test.png
174,175_4_test.png
174,175_6_test.png
174,175_2_test.png
175,176_6_test.png
175,176_4_test.png
175,176_2_test.png
176,177_2_test.png
176,177_6_test.png
176,177_4_test.png
177,178_6_test.png
177,178_2_test.png
177,178_4_test.png
178,179_4_test.png
178,179_6_test.png
178,179_2_test.png
179,180_4_test.png
179,180_2_test.png
179,180_6_test.png
180,181_2_test.png
180,181_6_test.png
180,181_4_test.png
181,182_4_test.png
181,182_6_test.png
181,182_2_test.png
182,183_4_test.png
182,183_2_test.png
182,183_6_test.png
183,184_2_test.png
183,184_4_test.png
183,184_6_test.png
184,185_6_test.png
184,185_2_test.png
184,185_4_test.png
185,186_2_test.png
185,186_4_test.png
185,186_6_test.png
186,187_4_test.png
186,187_2_test.png
186,187_6_test.png
187,188_2_test.png
187,188_4_test.png
187,188_6_test.png
188,189_6_test.png
188,189_2_test.png
188,189_4_test.png
189,190_6_test.png
189,190_2_test.png
189,190_4_test.png
190,191_6_test.png
190,191_4_test.png
190,191_2_test.png
191,192_6_test.png
191,192_4_test.png
191,192_2_test.png
192,193_6_test.png
192,193_4_test.png
192,193_2_test.png
193,194_6_test.png
193,194_4_test.png
193,194_2_test.png
194,195_6_test.png
194,195_4_test.png
194,195_2_test.png
195,196_2_test.png
195,196_4_test.png
195,196_6_test.png
196,197_4_test.png
196,197_6_test.png
196,197_2_test.png
197,198_2_test.png
197,198_4_test.png
197,198_6_test.png
198,199_2_test.png
198,199_4_test.png
198,199_6_test.png
199,200_2_test.png
199,200_6_test.png
199,200_4_test.png
